<?xml version="1.0" encoding="UTF-8" standalone="yes"?>
<addon id="fidy.repository" name="fidy Repository" version="1.00" provider-name="fidyBG">
    <extension point="xbmc.addon.repository" name="fidy Repository">
        <dir>
            <info compressed="false">https://raw.githubusercontent.com/fidyBG/fidybg/master/repo/zips/addons.xml</info>
            <checksum>https://raw.githubusercontent.com/fidyBG/fidybg/master/repo/zips/addons.xml.md5</checksum>
            <datadir zip="true">https://raw.githubusercontent.com/fidyBG/fidybg/master/repo/zips/</datadir>
        </dir>
    </extension>
    <extension point="xbmc.addon.metadata">
        <summary>fidy Repository</summary>
        <description>Неофициално хранилище за модифицирани добавки.</description>
        <disclaimer></disclaimer>
        <platform>all</platform>
        <assets>
            <icon>fidy.png</icon>
        </assets>
    </extension>
</addon>