<?xml version="1.0" encoding="UTF-8"?>
<addon 
   id="plugin.video.vavooto" 
   name="[COLOR cyan]VAVOO.BG MOD[/COLOR]"
   version="fidy"
   provider-name="michaz">
    <requires>
        <import addon="script.module.requests"/>
        <import addon="inputstream.ffmpegdirect" optional="true" /> 
        <import addon="script.module.resolveurl" optional="true" />
        <import addon="script.module.urlresolver" optional="true" />
    </requires>
    <extension point="xbmc.python.pluginsource" library="main.py">
        <provides>video</provides>
    </extension>
    <extension point="xbmc.addon.metadata">
        <assets>
            <icon>icon.png</icon>
		</assets>
	<summary>Телевизия, филми, сериали</summary>
    <description>Добавка за безплатно гледане на телевизия от различни държави и онлайн филми/сериали дублирани на немски език.</description>
		<disclaimer>Модифицирана версия. Ползвате на собствена отговорност!</disclaimer>
	</extension>
</addon>